{"_runtime":286.307312251,"epoch":19,"gpu_memory_reserved":0,"gpu_memory_allocated":0,"_step":19,"_wandb":{"runtime":346},"loss":1.9450583457946777,"_timestamp":1.7263226903670144e+09,"train_acc":0.15,"val_acc":0.158}